-- ============================================
-- SEED DATA FOR SCANDINAVIA GYM
-- ============================================
-- This script populates the database with sample data
-- Run this after running schema.sql

-- ============================================
-- SEDES (Locations)
-- Datos obtenidos de: https://scandinaviagym.com/sedes/
-- ============================================
INSERT INTO sedes (id, name, address, phone, hours) VALUES
('00000000-0000-0000-0000-000000000001', 'Zona 1', '6ta avenida. 12-51 centro Capitol, zona 1. Local 106.', '+502 1234-5678', 'Lun-Vie: 5:00-22:00, Sáb-Dom: 6:00-20:00'),
('00000000-0000-0000-0000-000000000002', 'Zona 2', '3ª avenida final, 17-36, zona 2, El Zapote, Guatemala', '+502 1234-5678', 'Lun-Vie: 5:00-22:00, Sáb-Dom: 6:00-20:00'),
('00000000-0000-0000-0000-000000000003', 'Zona 6', '15 avenida lote 2, Col. Santa Isabel zona 6 frente al Estadio Cementos Progreso', '+502 1234-5678', 'Lun-Vie: 5:00-22:00, Sáb-Dom: 6:00-20:00'),
('00000000-0000-0000-0000-000000000004', 'Zona 12', 'Calzada Aguilar Batres 15-07, zona 12', '+502 1234-5678', 'Lun-Vie: 5:00-22:00, Sáb-Dom: 6:00-20:00'),
('00000000-0000-0000-0000-000000000005', 'Carr. a El Salvador (el Faro)', 'Caserio la Laguna, km 17.5 carretera a San Jose Pinula lote 8', '+502 1234-5678', 'Lun-Vie: 5:00-22:00, Sáb-Dom: 6:00-20:00'),
('00000000-0000-0000-0000-000000000006', 'Quetzaltenango (Xela)', 'Avenida Las Américas 11-50 Zona 3 Condado Santa María Local 8', '+502 1234-5678', 'Lun-Vie: 5:00-22:00, Sáb-Dom: 6:00-20:00'),
('00000000-0000-0000-0000-000000000007', 'San José Pinula', '2ª avenida, 2-34 zona 1, San José Pinula', '+502 1234-5678', 'Lun-Vie: 5:00-22:00, Sáb-Dom: 6:00-20:00'),
('00000000-0000-0000-0000-000000000008', 'Villa Nueva Punto Vivo', '0 calle 15-70 calle Real Zona 10 de San Miguel Petapa', '+502 1234-5678', 'Lun-Vie: 5:00-22:00, Sáb-Dom: 6:00-20:00')
ON CONFLICT (id) DO NOTHING;

-- ============================================
-- CLASS CATEGORIES
-- ============================================
INSERT INTO class_categories (id, name, icon_name, color) VALUES
('00000000-0000-0000-0000-000000000101', 'Spinning', 'Music', '#ff6b6b'),
('00000000-0000-0000-0000-000000000102', 'Pilates', 'Waves', '#42a5f5'),
('00000000-0000-0000-0000-000000000103', 'Funcional', 'Target', '#ab47bc'),
('00000000-0000-0000-0000-000000000104', 'Baile', 'Music', '#ec4899'),
('00000000-0000-0000-0000-000000000105', 'Tae-bo', 'Zap', '#f59e0b'),
('00000000-0000-0000-0000-000000000106', 'Zumba', 'Music', '#8b5cf6'),
('00000000-0000-0000-0000-000000000107', 'Box', 'Target', '#dc2626')
ON CONFLICT (id) DO NOTHING;

-- ============================================
-- INSTRUCTORS
-- ============================================
INSERT INTO instructors (id, name, email, phone, specialty, sede_id, bio, rating, reviews_count, experience_years, is_active) VALUES
('00000000-0000-0000-0000-000000000201', 'María González', 'maria.gonzalez@scandinavia.com', '+502 5000-0001', 'Spinning, Cardio', '00000000-0000-0000-0000-000000000001', 'Instructora certificada en spinning con 8 años de experiencia', 4.8, 120, 8, true),
('00000000-0000-0000-0000-000000000202', 'Carlos Ruiz', 'carlos.ruiz@scandinavia.com', '+502 5000-0002', 'Baile, Zumba', '00000000-0000-0000-0000-000000000002', 'Especialista en baile fitness y ritmos latinos', 4.9, 95, 6, true),
('00000000-0000-0000-0000-000000000203', 'Ana Martínez', 'ana.martinez@scandinavia.com', '+502 5000-0003', 'Tae-bo, Artes Marciales', '00000000-0000-0000-0000-000000000003', 'Instructora de Tae-bo y defensa personal', 4.7, 80, 5, true),
('00000000-0000-0000-0000-000000000204', 'Luis Herrera', 'luis.herrera@scandinavia.com', '+502 5000-0004', 'Pilates, Yoga', '00000000-0000-0000-0000-000000000004', 'Instructor certificado en Pilates y fortalecimiento', 4.6, 110, 7, true),
('00000000-0000-0000-0000-000000000205', 'Sofia López', 'sofia.lopez@scandinavia.com', '+502 5000-0005', 'Funcional, Crossfit', '00000000-0000-0000-0000-000000000001', 'Especialista en entrenamiento funcional', 4.9, 150, 10, true),
('00000000-0000-0000-0000-000000000206', 'Elena Vega', 'elena.vega@scandinavia.com', '+502 5000-0006', 'Zumba, Baile', '00000000-0000-0000-0000-000000000002', 'Instructora de Zumba certificada internacionalmente', 4.8, 130, 9, true),
('00000000-0000-0000-0000-000000000207', 'Roberto Díaz', 'roberto.diaz@scandinavia.com', '+502 5000-0007', 'Spinning, Cardio', '00000000-0000-0000-0000-000000000003', 'Instructor de spinning con música en vivo', 4.7, 100, 6, true),
('00000000-0000-0000-0000-000000000208', 'Miguel Torres', 'miguel.torres@scandinavia.com', '+502 5000-0008', 'Box, Kickboxing', '00000000-0000-0000-0000-000000000001', 'Entrenador de box y kickboxing profesional', 4.9, 140, 12, true)
ON CONFLICT (id) DO NOTHING;

-- ============================================
-- CLASSES
-- ============================================
-- Distribuidas entre las sedes reales de Scandinavia Gym
INSERT INTO classes (id, name, description, category_id, instructor_id, sede_id, duration_minutes, capacity, intensity, level, is_active) VALUES
('00000000-0000-0000-0000-000000000301', 'Spinning Intenso', 'Clase de spinning de alta intensidad para quemar calorías y mejorar resistencia cardiovascular', '00000000-0000-0000-0000-000000000101', '00000000-0000-0000-0000-000000000201', '00000000-0000-0000-0000-000000000001', 45, 20, 'Alta', 'Intermedio-Avanzado', true),
('00000000-0000-0000-0000-000000000302', 'Baile Fitness', 'Clase de baile fitness con ritmos variados para divertirte mientras entrenas', '00000000-0000-0000-0000-000000000104', '00000000-0000-0000-0000-000000000202', '00000000-0000-0000-0000-000000000002', 60, 20, 'Media', 'Todos los niveles', true),
('00000000-0000-0000-0000-000000000303', 'Tae-bo Intensivo', 'Entrenamiento de Tae-bo que combina artes marciales y cardio para máxima quema de calorías', '00000000-0000-0000-0000-000000000105', '00000000-0000-0000-0000-000000000203', '00000000-0000-0000-0000-000000000003', 50, 15, 'Alta', 'Intermedio-Avanzado', true),
('00000000-0000-0000-0000-000000000304', 'Pilates Core', 'Fortalecimiento del core con Pilates para mejorar postura y estabilidad', '00000000-0000-0000-0000-000000000102', '00000000-0000-0000-0000-000000000204', '00000000-0000-0000-0000-000000000004', 45, 12, 'Media', 'Todos los niveles', true),
('00000000-0000-0000-0000-000000000305', 'Funcional Avanzado', 'Entrenamiento funcional para atletas que buscan mejorar fuerza y movilidad', '00000000-0000-0000-0000-000000000103', '00000000-0000-0000-0000-000000000205', '00000000-0000-0000-0000-000000000001', 40, 10, 'Alta', 'Avanzado', true),
('00000000-0000-0000-0000-000000000306', 'Zumba Party', 'Zumba con ritmos latinos para quemar calorías divirtiéndote', '00000000-0000-0000-0000-000000000106', '00000000-0000-0000-0000-000000000206', '00000000-0000-0000-0000-000000000005', 60, 25, 'Media', 'Todos los niveles', true),
('00000000-0000-0000-0000-000000000307', 'Spinning Sunset', 'Spinning al atardecer con música en vivo para una experiencia única', '00000000-0000-0000-0000-000000000101', '00000000-0000-0000-0000-000000000207', '00000000-0000-0000-0000-000000000005', 45, 25, 'Media', 'Todos los niveles', true),
('00000000-0000-0000-0000-000000000308', 'Box Fitness', 'Entrenamiento de box sin contacto para mejorar condición física y técnica', '00000000-0000-0000-0000-000000000107', '00000000-0000-0000-0000-000000000208', '00000000-0000-0000-0000-000000000006', 50, 12, 'Alta', 'Intermedio-Avanzado', true)
ON CONFLICT (id) DO NOTHING;

-- ============================================
-- CLASS SCHEDULES
-- ============================================
-- Day of week: 0 = Sunday, 1 = Monday, 2 = Tuesday, 3 = Wednesday, 4 = Thursday, 5 = Friday, 6 = Saturday

-- Monday schedules
-- Nota: sede_id debe coincidir con la sede_id de la clase
INSERT INTO class_schedules (id, class_id, sede_id, day_of_week, start_time, end_time, is_active) VALUES
('00000000-0000-0000-0000-000000000401', '00000000-0000-0000-0000-000000000301', '00000000-0000-0000-0000-000000000001', 1, '07:00:00', '07:45:00', true),
('00000000-0000-0000-0000-000000000402', '00000000-0000-0000-0000-000000000302', '00000000-0000-0000-0000-000000000002', 1, '08:00:00', '09:00:00', true),
('00000000-0000-0000-0000-000000000403', '00000000-0000-0000-0000-000000000303', '00000000-0000-0000-0000-000000000003', 1, '18:00:00', '18:50:00', true),
('00000000-0000-0000-0000-000000000404', '00000000-0000-0000-0000-000000000304', '00000000-0000-0000-0000-000000000004', 1, '19:00:00', '19:45:00', true),
('00000000-0000-0000-0000-000000000405', '00000000-0000-0000-0000-000000000305', '00000000-0000-0000-0000-000000000001', 1, '20:00:00', '20:40:00', true),
('00000000-0000-0000-0000-000000000406', '00000000-0000-0000-0000-000000000306', '00000000-0000-0000-0000-000000000005', 1, '21:00:00', '22:00:00', true),
('00000000-0000-0000-0000-000000000407', '00000000-0000-0000-0000-000000000307', '00000000-0000-0000-0000-000000000005', 1, '18:30:00', '19:15:00', true),
('00000000-0000-0000-0000-000000000408', '00000000-0000-0000-0000-000000000308', '00000000-0000-0000-0000-000000000006', 1, '19:30:00', '20:20:00', true),

-- Tuesday schedules
('00000000-0000-0000-0000-000000000409', '00000000-0000-0000-0000-000000000301', '00000000-0000-0000-0000-000000000001', 2, '07:00:00', '07:45:00', true),
('00000000-0000-0000-0000-000000000410', '00000000-0000-0000-0000-000000000302', '00000000-0000-0000-0000-000000000002', 2, '08:00:00', '09:00:00', true),
('00000000-0000-0000-0000-000000000411', '00000000-0000-0000-0000-000000000303', '00000000-0000-0000-0000-000000000003', 2, '18:00:00', '18:50:00', true),
('00000000-0000-0000-0000-000000000412', '00000000-0000-0000-0000-000000000304', '00000000-0000-0000-0000-000000000004', 2, '19:00:00', '19:45:00', true),
('00000000-0000-0000-0000-000000000413', '00000000-0000-0000-0000-000000000305', '00000000-0000-0000-0000-000000000001', 2, '20:00:00', '20:40:00', true),
('00000000-0000-0000-0000-000000000414', '00000000-0000-0000-0000-000000000306', '00000000-0000-0000-0000-000000000005', 2, '21:00:00', '22:00:00', true),
('00000000-0000-0000-0000-000000000415', '00000000-0000-0000-0000-000000000307', '00000000-0000-0000-0000-000000000005', 2, '18:30:00', '19:15:00', true),
('00000000-0000-0000-0000-000000000416', '00000000-0000-0000-0000-000000000308', '00000000-0000-0000-0000-000000000006', 2, '19:30:00', '20:20:00', true),

-- Wednesday schedules
('00000000-0000-0000-0000-000000000417', '00000000-0000-0000-0000-000000000301', '00000000-0000-0000-0000-000000000001', 3, '07:00:00', '07:45:00', true),
('00000000-0000-0000-0000-000000000418', '00000000-0000-0000-0000-000000000302', '00000000-0000-0000-0000-000000000002', 3, '08:00:00', '09:00:00', true),
('00000000-0000-0000-0000-000000000419', '00000000-0000-0000-0000-000000000303', '00000000-0000-0000-0000-000000000003', 3, '18:00:00', '18:50:00', true),
('00000000-0000-0000-0000-000000000420', '00000000-0000-0000-0000-000000000304', '00000000-0000-0000-0000-000000000004', 3, '19:00:00', '19:45:00', true),
('00000000-0000-0000-0000-000000000421', '00000000-0000-0000-0000-000000000305', '00000000-0000-0000-0000-000000000001', 3, '20:00:00', '20:40:00', true),
('00000000-0000-0000-0000-000000000422', '00000000-0000-0000-0000-000000000306', '00000000-0000-0000-0000-000000000005', 3, '21:00:00', '22:00:00', true),
('00000000-0000-0000-0000-000000000423', '00000000-0000-0000-0000-000000000307', '00000000-0000-0000-0000-000000000005', 3, '18:30:00', '19:15:00', true),
('00000000-0000-0000-0000-000000000424', '00000000-0000-0000-0000-000000000308', '00000000-0000-0000-0000-000000000006', 3, '19:30:00', '20:20:00', true),

-- Thursday schedules
('00000000-0000-0000-0000-000000000425', '00000000-0000-0000-0000-000000000301', '00000000-0000-0000-0000-000000000001', 4, '07:00:00', '07:45:00', true),
('00000000-0000-0000-0000-000000000426', '00000000-0000-0000-0000-000000000302', '00000000-0000-0000-0000-000000000002', 4, '08:00:00', '09:00:00', true),
('00000000-0000-0000-0000-000000000427', '00000000-0000-0000-0000-000000000303', '00000000-0000-0000-0000-000000000003', 4, '18:00:00', '18:50:00', true),
('00000000-0000-0000-0000-000000000428', '00000000-0000-0000-0000-000000000304', '00000000-0000-0000-0000-000000000004', 4, '19:00:00', '19:45:00', true),
('00000000-0000-0000-0000-000000000429', '00000000-0000-0000-0000-000000000305', '00000000-0000-0000-0000-000000000001', 4, '20:00:00', '20:40:00', true),
('00000000-0000-0000-0000-000000000430', '00000000-0000-0000-0000-000000000306', '00000000-0000-0000-0000-000000000005', 4, '21:00:00', '22:00:00', true),
('00000000-0000-0000-0000-000000000431', '00000000-0000-0000-0000-000000000307', '00000000-0000-0000-0000-000000000005', 4, '18:30:00', '19:15:00', true),
('00000000-0000-0000-0000-000000000432', '00000000-0000-0000-0000-000000000308', '00000000-0000-0000-0000-000000000006', 4, '19:30:00', '20:20:00', true),

-- Friday schedules
('00000000-0000-0000-0000-000000000433', '00000000-0000-0000-0000-000000000301', '00000000-0000-0000-0000-000000000001', 5, '07:00:00', '07:45:00', true),
('00000000-0000-0000-0000-000000000434', '00000000-0000-0000-0000-000000000302', '00000000-0000-0000-0000-000000000002', 5, '08:00:00', '09:00:00', true),
('00000000-0000-0000-0000-000000000435', '00000000-0000-0000-0000-000000000303', '00000000-0000-0000-0000-000000000003', 5, '18:00:00', '18:50:00', true),
('00000000-0000-0000-0000-000000000436', '00000000-0000-0000-0000-000000000304', '00000000-0000-0000-0000-000000000004', 5, '19:00:00', '19:45:00', true),
('00000000-0000-0000-0000-000000000437', '00000000-0000-0000-0000-000000000305', '00000000-0000-0000-0000-000000000001', 5, '20:00:00', '20:40:00', true),
('00000000-0000-0000-0000-000000000438', '00000000-0000-0000-0000-000000000306', '00000000-0000-0000-0000-000000000005', 5, '21:00:00', '22:00:00', true),
('00000000-0000-0000-0000-000000000439', '00000000-0000-0000-0000-000000000307', '00000000-0000-0000-0000-000000000005', 5, '18:30:00', '19:15:00', true),
('00000000-0000-0000-0000-000000000440', '00000000-0000-0000-0000-000000000308', '00000000-0000-0000-0000-000000000006', 5, '19:30:00', '20:20:00', true),

-- Saturday schedules
('00000000-0000-0000-0000-000000000441', '00000000-0000-0000-0000-000000000301', '00000000-0000-0000-0000-000000000001', 6, '08:00:00', '08:45:00', true),
('00000000-0000-0000-0000-000000000442', '00000000-0000-0000-0000-000000000302', '00000000-0000-0000-0000-000000000002', 6, '09:00:00', '10:00:00', true),
('00000000-0000-0000-0000-000000000443', '00000000-0000-0000-0000-000000000303', '00000000-0000-0000-0000-000000000003', 6, '10:00:00', '10:50:00', true),
('00000000-0000-0000-0000-000000000444', '00000000-0000-0000-0000-000000000304', '00000000-0000-0000-0000-000000000004', 6, '11:00:00', '11:45:00', true),
('00000000-0000-0000-0000-000000000445', '00000000-0000-0000-0000-000000000306', '00000000-0000-0000-0000-000000000005', 6, '12:00:00', '13:00:00', true),

-- Sunday schedules
('00000000-0000-0000-0000-000000000446', '00000000-0000-0000-0000-000000000301', '00000000-0000-0000-0000-000000000001', 0, '08:00:00', '08:45:00', true),
('00000000-0000-0000-0000-000000000447', '00000000-0000-0000-0000-000000000302', '00000000-0000-0000-0000-000000000002', 0, '09:00:00', '10:00:00', true),
('00000000-0000-0000-0000-000000000448', '00000000-0000-0000-0000-000000000304', '00000000-0000-0000-0000-000000000004', 0, '10:00:00', '10:45:00', true),
('00000000-0000-0000-0000-000000000449', '00000000-0000-0000-0000-000000000306', '00000000-0000-0000-0000-000000000005', 0, '11:00:00', '12:00:00', true)
ON CONFLICT (id) DO NOTHING;

